{
  "evaluation_type": "cross-dataset_generalization",
  "training_dataset": "Fake-or-Real (FoR)",
  "evaluation_dataset": "ASVspoof 2019 LA (Evaluation Split)",
  "fine_tuning": false,
  "total_samples": 2000,
  "bonafide_count": 236,
  "spoof_count": 1764,
  "correct_predictions": 1230,
  "incorrect_predictions": 770,
  "accuracy": 0.615,
  "accuracy_pct": 61.5,
  "precision": 0.9882121807465619,
  "recall": 0.5702947845804989,
  "f1_score": 0.7232207045291158,
  "roc_auc": 0.8647839079134478,
  "eer": 0.19915254237288135,
  "eer_threshold": 0.0115991337224841,
  "far_at_0.5": 0.05084745762711865,
  "frr_at_0.5": 0.42970521541950113,
  "threshold_used": 0.5
}