{
  "total_samples": 2000,
  "total_errors": 770,
  "error_rate": 0.385,
  "false_positives": 12,
  "false_negatives": 758,
  "fp_rate": 0.006,
  "fn_rate": 0.379,
  "hardest_attack_types": {
    "total": {
      "A18": 119,
      "A19": 129,
      "A17": 132,
      "A10": 128,
      "A14": 135,
      "A16": 152,
      "A15": 122,
      "A07": 142,
      "-": 236,
      "A13": 146
    },
    "errors": {
      "A18": 113.0,
      "A19": 122.0,
      "A17": 117.0,
      "A10": 106.0,
      "A14": 106.0,
      "A16": 92.0,
      "A15": 61.0,
      "A07": 34.0,
      "-": 12.0,
      "A13": 4.0
    },
    "fp": {
      "A18": 0.0,
      "A19": 0.0,
      "A17": 0.0,
      "A10": 0.0,
      "A14": 0.0,
      "A16": 0.0,
      "A15": 0.0,
      "A07": 0.0,
      "-": 12.0,
      "A13": 0.0
    },
    "fn": {
      "A18": 113.0,
      "A19": 122.0,
      "A17": 117.0,
      "A10": 106.0,
      "A14": 106.0,
      "A16": 92.0,
      "A15": 61.0,
      "A07": 34.0,
      "-": 0.0,
      "A13": 4.0
    },
    "error_rate": {
      "A18": 0.9495798319327731,
      "A19": 0.9457364341085271,
      "A17": 0.8863636363636364,
      "A10": 0.828125,
      "A14": 0.7851851851851852,
      "A16": 0.6052631578947368,
      "A15": 0.5,
      "A07": 0.23943661971830985,
      "-": 0.05084745762711865,
      "A13": 0.0273972602739726
    }
  }
}