{
    "loss": 0.021558525892210377,
    "accuracy": 0.9512989152640666,
    "precision": 0.9998082485099311,
    "recall": 0.9444092253818752,
    "f1": 0.9713194600762227,
    "auc": 0.9993514219731688,
    "eer": 0.009088199512706244,
    "threshold": 0.03558349609375
}